"species","k","pooled_effect","pooled_se","lower","upper","p_value","i2","tau2"
"Fusobacterium nucleatum",10,0.694422583259854,0.072194903467127,0.531106365264167,0.85773880125554,4.94057434064679e-06,0.366907662669648,0.0213735948517436
"Peptostreptococcus stomatis",11,0.73846128250563,0.0898184012786763,0.538333412993317,0.938589152017942,9.2602606308434e-06,0.524929994616438,0.0397643826084404
"Dialister pneumosintes",10,0.663920841032838,0.0831183822321956,0.475893997306078,0.851947684759598,2.24095958633953e-05,0.462642891041961,0.0270163005436473
"Parvimonas micra",10,0.88109942534694,0.111176250402043,0.629601274166911,1.13259757652697,2.38569666804302e-05,0.699964555587258,0.0822522635576702
"Gemella morbillorum",11,0.746026633070237,0.10937557387358,0.50232266746422,0.989730598676254,4.62109143244476e-05,0.626460463136853,0.0748856259322909
