"mean_auc","median_auc","min_auc","max_auc"
0.793736717019604,0.811111111111111,0.604497354497354,0.91625
